Media,Mediana,Moda,DesvioPadrao,Variancia,Amplitude,Minimo,Maximo
140.9366666666667,112.5,9.3,132.12314886751173,17456.526466666666,303.12,9.3,312.42
