Categoria,Frequencia,Proporcao
Arroz,1,0.16666666666666666
Grãos,2,0.3333333333333333
Milho,1,0.16666666666666666
Soja,1,0.16666666666666666
Trigo,1,0.16666666666666666
