Categoria,Frequencia,Proporcao
Bovino,1,0.3333333333333333
Galináceos,1,0.3333333333333333
Suíno,1,0.3333333333333333
